{
    "$schema": "https://schema.management.azure.com/schemas/0.1.2-preview/CreateUIDefinition.MultiVm.json#",
    "handler": "Microsoft.Compute.MultiVm",
    "version": "0.1.2-preview",
    "parameters": {
        "basics": [
            {}
        ],
        "steps": [
            {
                "name": "credentialsConfig",
                "label": "VM Credentials",
                "subLabel": {
                    "preValidation": "Provide credentials for accessing the VMs in your application.",
                    "postValidation": "Credentials configured."
                },
                "bladeTitle": "Credentials",
                "elements": [
                    {
                        "name": "sshPublicKey",
                        "type": "Microsoft.Common.TextBox",
                        "label": "SSH Public Key",
                        "toolTip": "Public SSH Key to use for access",
                        "constraints": {
                            "required": true
                        }
                    }
                ]
            }
        ],
        "outputs": {
            "sshPublicKey": "[steps('credentialsConfig').sshPublicKey]"
        }
    }
}

        

                
