{
    "$schema": "http://schema.management.azure.com/schemas/2015-01-01/deploymentTemplate.json#",
    "contentVersion": "1.0.0.0",
    "parameters": {
        "moodleCommon": {
            "metadata": {
                "description": "Common Moodle values"
            },
            "type": "object"
        },
        "subnetIdWeb": {
            "metadata": {
                "description": "Azure resource ID of the subnet where this VM is to be deployed"
            },
            "type": "string"
        },
        "ctlrPubIpId": {
            "metadata": {
                "description": "Resource ID of the controller VM public IP address"
            },
            "type": "string"
        },
        "vmSetupParamsObj": {
            "metadata": {
                "description": "JSON-structured VM setup params that'll be injected to the VM (through cloud-init) and used by the custom script (install_moodle.sh)"
            },
            "type": "object"
        }
    },
    "resources": [
        {
            "type": "Microsoft.Network/networkSecurityGroups",
            "apiVersion": "2017-10-01",
            "location": "[parameters('moodleCommon').location]",
            "name": "[parameters('moodleCommon').ctlrNsgName]",
            "properties": {
                "securityRules": [
                    {
                        "name": "Allow_SSH",
                        "properties": {
                            "access": "Allow",
                            "destinationAddressPrefix": "*",
                            "destinationPortRange": "22",
                            "direction": "Inbound",
                            "priority": 1000,
                            "protocol": "Tcp",
                            "sourceAddressPrefix": "*",
                            "sourcePortRange": "*"
                        }
                    },
                    {
                        "name": "Allow_http",
                        "properties": {
                            "access": "Allow",
                            "destinationAddressPrefix": "*",
                            "destinationPortRange": "80",
                            "direction": "Inbound",
                            "priority": 1005,
                            "protocol": "Tcp",
                            "sourceAddressPrefix": "*",
                            "sourcePortRange": "*"
                        }
                    }
                ]
            },
            "tags": {
                "displayName": "Controller NSG"
            }
        },
        {
            "type": "Microsoft.Network/networkInterfaces",
            "apiVersion": "2017-10-01",
            "dependsOn": [
                "[concat('Microsoft.Network/networkSecurityGroups/', parameters('moodleCommon').ctlrNsgName)]"
            ],
            "location": "[parameters('moodleCommon').location]",
            "name": "[parameters('moodleCommon').ctlrNicName]",
            "properties": {
                "networkSecurityGroup": {
                    "id": "[variables('nsgRef')]"
                },
                "ipConfigurations": [
                    {
                        "name": "ipcfgctlr",
                        "properties": {
                            "privateIPAllocationMethod": "Dynamic",
                            "publicIPAddress": {
                                "id": "[parameters('ctlrPubIpId')]"
                            },
                            "subnet": {
                                "id": "[parameters('subnetIdWeb')]"
                            }
                        }
                    }
                ],
                "enableAcceleratedNetworking": "[parameters('moodleCommon').enableAccelNwForCtlrVmSwitch]"
            },
            "tags": {
                "displayName": "ctlrNic"
            }
        },
        {
            "type": "Microsoft.Compute/virtualMachines",
            "apiVersion": "2017-03-30",
            "dependsOn": [
                "[concat('Microsoft.Network/networkInterfaces/', parameters('moodleCommon').ctlrNicName)]"
            ],
            "location": "[parameters('moodleCommon').location]",
            "name": "[parameters('moodleCommon').ctlrVmName]",
            "properties": {
                "hardwareProfile": {
                    "vmSize": "[parameters('moodleCommon').controllerVmSku]"
                },
                "networkProfile": {
                    "networkInterfaces": [
                        {
                            "id": "[variables('nicRef')]"
                        }
                    ]
                },
                "osProfile": {
                    "adminUsername": "[parameters('moodleCommon').sshUsername]",
                    "computerName": "[parameters('moodleCommon').ctlrVmName]",
                    "secrets": "[parameters('moodleCommon').ctlrVmSecrets]",
                    "customData": "[base64(concat('#cloud-config\nwrite_files:\n- encoding: b64\n  content: ', base64(string(parameters('vmSetupParamsObj'))), '\n  owner: root:root\n  path: ', parameters('moodleCommon').moodleOnAzureConfigsJsonPath, '\n  permissions: ', variables('singleQuote'), '0400', variables('singleQuote')))]",
                    "linuxConfiguration": {
                        "disablePasswordAuthentication": true,
                        "ssh": {
                            "publicKeys": [
                                {
                                    "path": "[concat('/home/', parameters('moodleCommon').sshUsername, '/.ssh/authorized_keys')]",
                                    "keyData": "[parameters('moodleCommon').sshPublicKey]"
                                }
                            ]
                        }
                    }
                },
                "storageProfile": {
                    "imageReference": "[parameters('moodleCommon').osType]",
                    "osDisk": {
                        "createOption": "FromImage",
                        "managedDisk": {
                            "storageAccountType": "[parameters('moodleCommon').osDiskStorageType]"
                        },
                        "name": "[parameters('moodleCommon').ctlrVmName]"
                    },
                    "dataDisks": "[take(variables('nfsDiskArray'),if(equals(parameters('moodleCommon').fileServerType,'nfs'), parameters('moodleCommon').fileServerDiskCount, 0))]"
                }
            },
            "tags": {
                "displayName": "Controller Virtual Machine"
            }
        },
        {
            "condition": "[parameters('moodleCommon').applyScriptsSwitch]",
            "type": "Microsoft.Resources/deployments",
            "apiVersion": "2017-05-10",
            "dependsOn": [
                "[concat('Microsoft.Compute/virtualMachines/', parameters('moodleCommon').ctlrVmName)]"
            ],
            "name": "[concat(parameters('moodleCommon').ctlrVmName,'-ScriptProcessor')]",
            "properties": {
                "mode": "Incremental",
                "parameters": {
                    "moodleCommon": {
                        "value": "[parameters('moodleCommon')]"
                    }
                },
                "templateLink": {
                    "uri": "[concat(parameters('moodleCommon').baseTemplateUrl, 'controllersetup.json', parameters('moodleCommon').artifactsSasToken)]"
                }
            }
        },
        {
            "condition": "[parameters('moodleCommon').azureBackupSwitch]",
            "type": "Microsoft.Resources/deployments",
            "apiVersion": "2017-05-10",
            "dependsOn": [
                "[concat('Microsoft.Compute/virtualMachines/',parameters('moodleCommon').ctlrVmName)]"
            ],
            "name": "[concat(parameters('moodleCommon').ctlrVmName,'-Backup')]",
            "properties": {
                "mode": "Incremental",
                "parameters": {
                    "moodleCommon": {
                        "value": "[parameters('moodleCommon')]"
                    },
                    "vmName": {
                        "value": "[parameters('moodleCommon').ctlrVmName]"
                    }
                },
                "templateLink": {
                    "uri": "[concat(parameters('moodleCommon').baseTemplateUrl,'recoveryservicesEnlist.json',parameters('moodleCommon').artifactsSasToken)]"
                }
            }
        }
    ],
    "variables": {
        "documentation01": "This sub-template drives the controller/jump-box which is used as the access-point for other moodle VM's ",
        "documentation02": "It expects certain values in the 'common' datastructure.",
        "documentation03": "    vnetName     - name of virtual network",
        "documentation04": "    subnetWeb    - name of subnet for controller (and vm scale set)",
        "documentation06": "    ctlrPipName  - name of Public IP address for the controller (note that none of the other VM's get a PIP - just the controller",
        "documentation07": "    ctlrNicName  - name of the network interface (all VM's must hae a nic) to crate, tied to the public IP address",
        "documentation08": "    ctlrNsgName  - name of the network security group, regulating access to/from the controller",
        "documentation09": "This sub-template calls other sub-templates",
        "documentation10": "    controllerconfig       - conditionally applies post-deployment script on the VM",
        "documentation18": "    recoveryservicesEnlist - conditionally enlists the VM into the backup regimen",
        "nicRef": "[resourceId('Microsoft.Network/networkInterfaces', parameters('moodleCommon').ctlrNicName)]",
        "nsgRef": "[resourceId('Microsoft.Network/networkSecurityGroups', parameters('moodleCommon').ctlrNsgName)]",
        "singleQuote": "'",
        "copy": [
            {
                "name": "nfsDiskArray",
                "count": 8,
                "input": {
                    "managedDisk": {
                        "storageAccountType": "Premium_LRS"
                    },
                    "diskSizeGB": "[parameters('moodleCommon').fileServerDiskSize]",
                    "lun": "[copyIndex('nfsDiskArray')]",
                    "createOption": "Empty"
                }
            }
        ]
    },
    "outputs": {
        "controllerIP": {
            "value": "[reference(resourceId('Microsoft.Network/publicIPAddresses', parameters('moodleCommon').ctlrPipName), '2017-10-01').ipAddress]",
            "type": "string"
        }
    }
}
