{
    "$schema": "http://schema.management.azure.com/schemas/2015-01-01/deploymentTemplate.json#",
    "contentVersion": "1.0.0.0",
    "parameters": {
        "moodleCommon": {
            "metadata": {
                "description": "Common Moodle values"
            },
            "type": "object"
        }
    },
    "resources": [
        {
            "type": "Microsoft.Compute/virtualMachines/extensions",
            "apiVersion": "2017-03-30",
            "location": "[parameters('moodleCommon').location]",
            "name": "[concat(parameters('moodleCommon').ctlrVmName,'/','install_moodle')]",
            "properties": {
                "autoUpgradeMinorVersion": true,
                "publisher": "Microsoft.Azure.Extensions",
                "settings": {
                    "fileUris": [
                        "[variables('scriptUri')]",
                        "[parameters('moodleCommon').commonFunctionsScriptUri]"
                    ]
                },
                "protectedSettings":{
                    "commandToExecute": "[concat('bash ', parameters('moodleCommon').moodleInstallScriptFilename, ' ', parameters('moodleCommon').moodleOnAzureConfigsJsonPath)]"
                },
                "type": "CustomScript",
                "typeHandlerVersion": "2.0"
            },
            "tags": {
                "displayName": "install_moodle"
            }
        }
    ],
    "variables": {
        "documentation01": "This sub-template applies a specific post-deployment script to the controller vm",
        "documentation02": "It expects certain values in the 'common' datastructure.",
        "documentation03": "    scriptLocation              - web URI",
        "documentation04": "    moodleInstallScriptFilename - name of script file",
        "documentation05": "    siteURL                     - URL of the website",
        "documentation06": "    gfsNameRoot                 - nameroot of gluster farm - note that the code applies a 0 to get to the first node",
        "documentation07": "    ctlrVmName                  - name of the controller/jumpb ox VM",
        "documentation08": "    dbServerType                - postgres or mysql",
        "documentation09": "    moodleDbName                - database name for moodle",
        "documentation10": "    moodleDbUser                - database user for moodle",
        "documentation11": "    moodleDbPass                - database password for moodleDbUser",
        "documentation12": "    moodleAdminPass             - password for moodle admin user",
        "documentation13": "    mssqlDbServiceObjectiveName - MS SQL porformance tier.",
        "documentation14": "    mssqlDbEdition              - MS SQL edition tier",
        "documentation15": "    mssqlDbSize                 - MS SQL database size",

        "scriptUri": "[concat(parameters('moodleCommon').scriptLocation,parameters('moodleCommon').moodleInstallScriptFilename,parameters('moodleCommon').artifactsSasToken)]"
    }
}
