{
    "$schema": "http://schema.management.azure.com/schemas/2015-01-01/deploymentTemplate.json#",
    "contentVersion": "1.0.0.0",
    "parameters": {
        "moodleCommon": {
            "metadata": {
                "description": "Common Moodle values"
            },
            "type": "object"
        }
    },
    "resources": [
        {
            "type": "Microsoft.Network/virtualNetworks",
            "apiVersion": "2017-10-01",
            "location": "[parameters('moodleCommon').location]",
            "name": "[parameters('moodleCommon').vnetName]",
            "properties": {
                "addressSpace": {
                    "addressPrefixes": [
                        "[concat(parameters('moodleCommon').vNetAddressSpace,'/16')]"
                    ]
                }
            }
        }
    ],
    "variables": {
        "documentation01": "This sub-template creates a virtual network when no customer BYO-vnet is specified"
    }
}
