{
    "$schema": "http://schema.management.azure.com/schemas/2015-01-01/deploymentTemplate.json#",
    "contentVersion": "1.0.0.0",
    "parameters": {
        "moodleCommon": {
            "metadata": {
                "description": "Common Moodle values"
            },
            "type": "object"
        },
        "subnetIdElastic": {
            "metadata": {
                "description": "Azure resource ID of the subnet where the Elastic Search VMs are to be deployed (if any)"
            },
            "type": "string"
        }
    },
    "resources": [
        {
            "type": "Microsoft.Network/networkInterfaces",
            "apiVersion": "2017-10-01",
            "location": "[parameters('moodleCommon').location]",
            "name": "[parameters('moodleCommon').elasticNicName1]",
            "properties": {
                "ipConfigurations": [
                    {
                        "name": "ipcfg-elastic1",
                        "properties": {
                            "privateIPAllocationMethod": "Static",
                            "privateIPAddress": "[parameters('moodleCommon').elasticVm1IP]",
                            "subnet": {
                                "id": "[parameters('subnetIdElastic')]"
                            }
                        }
                    }
                ],
                "enableAcceleratedNetworking": "[parameters('moodleCommon').enableAccelNwForOtherVmsSwitch]"
            },
            "tags": {
                "displayName": "Elastic NIC 1"
            }
        },
        {
            "type": "Microsoft.Compute/virtualMachines",
            "apiVersion": "2017-03-30",
            "dependsOn": [
                "[concat('Microsoft.Network/networkInterfaces/', parameters('moodleCommon').elasticNicName1)]"
            ],
            "location": "[parameters('moodleCommon').location]",
            "name": "[parameters('moodleCommon').elasticVmName1]",
            "properties": {
                "hardwareProfile": {
                    "vmSize": "[parameters('moodleCommon').elasticVmSku]"
                },
                "networkProfile": {
                    "networkInterfaces": [
                        {
                            "id": "[variables('nicRef1')]"
                        }
                    ]
                },
                "osProfile": {
                    "adminUsername": "[parameters('moodleCommon').sshUsername]",
                    "computerName": "[parameters('moodleCommon').elasticVmName1]",
                    "linuxConfiguration": {
                        "disablePasswordAuthentication": true,
                        "ssh": {
                            "publicKeys": [
                                {
                                    "path": "[concat('/home/', parameters('moodleCommon').sshUsername, '/.ssh/authorized_keys')]",
                                    "keyData": "[parameters('moodleCommon').sshPublicKey]"
                                }
                            ]
                        }
                    }
                },
                "storageProfile": {
                    "dataDisks": [],
                    "imageReference": "[parameters('moodleCommon').osType]",
                    "osDisk": {
                        "createOption": "FromImage",
                        "managedDisk": {
                            "storageAccountType": "[parameters('moodleCommon').osDiskStorageType]"
                        },
                        "name": "[parameters('moodleCommon').elasticVmName1]"
                    }
                }
            },
            "tags": {
                "displayName": "Elastic Search Virtual Machine"
            }
        },
        {
            "condition": "[parameters('moodleCommon').applyScriptsSwitch]",
            "type": "Microsoft.Resources/deployments",
            "apiVersion": "2017-05-10",
            "dependsOn": [
                "[concat('Microsoft.Compute/virtualMachines/', parameters('moodleCommon').elasticVmName1)]"
            ],
            "name": "[concat(parameters('moodleCommon').elasticVmName1,'-ScriptProcessor')]",
            "properties": {
                "mode": "Incremental",
                "parameters": {
                    "moodleCommon": {
                        "value": "[parameters('moodleCommon')]"
                    }

                },
                "templateLink": {
                    "uri": "[concat(parameters('moodleCommon').baseTemplateUrl,'search-elastic-config.json',parameters('moodleCommon').artifactsSasToken)]"
                }
            }
        },
        {
            "condition": "[parameters('moodleCommon').azureBackupSwitch]",
            "type": "Microsoft.Resources/deployments",
            "apiVersion": "2017-05-10",
            "dependsOn": [
                "[concat('Microsoft.Compute/virtualMachines/',parameters('moodleCommon').elasticVmName1)]"
            ],
            "name": "[concat(parameters('moodleCommon').elasticVmName1,'-Backup')]",
            "properties": {
                "mode": "Incremental",
                "parameters": {
                    "moodleCommon": {
                        "value": "[parameters('moodleCommon')]"
                    },
                    "vmName": {
                        "value": "[parameters('moodleCommon').elasticVmName1]"
                    }
                },
                "templateLink": {
                    "uri": "[concat(parameters('moodleCommon').baseTemplateUrl,'recoveryservicesEnlist.json',parameters('moodleCommon').artifactsSasToken)]"
                }
            }
        },
        {
            "type": "Microsoft.Network/networkInterfaces",
            "apiVersion": "2017-10-01",
            "location": "[parameters('moodleCommon').location]",
            "name": "[parameters('moodleCommon').elasticNicName2]",
            "properties": {
                "ipConfigurations": [
                    {
                        "name": "ipcfg-elastic2",
                        "properties": {
                            "privateIPAllocationMethod": "Static",
                            "privateIPAddress": "[parameters('moodleCommon').elasticVm2IP]",
                            "subnet": {
                                "id": "[parameters('subnetIdElastic')]"
                            }
                        }
                    }
                ],
                "enableAcceleratedNetworking": "[parameters('moodleCommon').enableAccelNwForOtherVmsSwitch]"
            },
            "tags": {
                "displayName": "Elastic NIC 2"
            }
        },
        {
            "type": "Microsoft.Compute/virtualMachines",
            "apiVersion": "2017-03-30",
            "dependsOn": [
                "[concat('Microsoft.Network/networkInterfaces/', parameters('moodleCommon').elasticNicName2)]"
            ],
            "location": "[parameters('moodleCommon').location]",
            "name": "[parameters('moodleCommon').elasticVmName2]",
            "properties": {
                "hardwareProfile": {
                    "vmSize": "[parameters('moodleCommon').elasticVmSku]"
                },
                "networkProfile": {
                    "networkInterfaces": [
                        {
                            "id": "[variables('nicRef2')]"
                        }
                    ]
                },
                "osProfile": {
                    "adminUsername": "[parameters('moodleCommon').sshUsername]",
                    "computerName": "[parameters('moodleCommon').elasticVmName2]",
                    "linuxConfiguration": {
                        "disablePasswordAuthentication": true,
                        "ssh": {
                            "publicKeys": [
                                {
                                    "path": "[concat('/home/', parameters('moodleCommon').sshUsername, '/.ssh/authorized_keys')]",
                                    "keyData": "[parameters('moodleCommon').sshPublicKey]"
                                }
                            ]
                        }
                    }
                },
                "storageProfile": {
                    "dataDisks": [],
                    "imageReference": "[parameters('moodleCommon').osType]",
                    "osDisk": {
                        "createOption": "FromImage",
                        "managedDisk": {
                            "storageAccountType": "[parameters('moodleCommon').osDiskStorageType]"
                        },
                        "name": "[parameters('moodleCommon').elasticVmName2]"
                    }
                }
            },
            "tags": {
                "displayName": "Elastic Search Virtual Machine"
            }
        },
        {
            "condition": "[parameters('moodleCommon').applyScriptsSwitch]",
            "type": "Microsoft.Resources/deployments",
            "apiVersion": "2017-05-10",
            "dependsOn": [
                "[concat('Microsoft.Compute/virtualMachines/', parameters('moodleCommon').elasticVmName2)]"
            ],
            "name": "[concat(parameters('moodleCommon').elasticVmName2,'-ScriptProcessor')]",
            "properties": {
                "mode": "Incremental",
                "parameters": {
                    "moodleCommon": {
                        "value": "[parameters('moodleCommon')]"
                    }

                },
                "templateLink": {
                    "uri": "[concat(parameters('moodleCommon').baseTemplateUrl,'search-elastic-config.json',parameters('moodleCommon').artifactsSasToken)]"
                }
            }
        },
        {
            "condition": "[parameters('moodleCommon').azureBackupSwitch]",
            "type": "Microsoft.Resources/deployments",
            "apiVersion": "2017-05-10",
            "dependsOn": [
                "[concat('Microsoft.Compute/virtualMachines/',parameters('moodleCommon').elasticVmName2)]"
            ],
            "name": "[concat(parameters('moodleCommon').elasticVmName2,'-Backup')]",
            "properties": {
                "mode": "Incremental",
                "parameters": {
                    "moodleCommon": {
                        "value": "[parameters('moodleCommon')]"
                    },
                    "vmName": {
                        "value": "[parameters('moodleCommon').elasticVmName2]"
                    }
                },
                "templateLink": {
                    "uri": "[concat(parameters('moodleCommon').baseTemplateUrl,'recoveryservicesEnlist.json',parameters('moodleCommon').artifactsSasToken)]"
                }
            }
        },
        {
            "type": "Microsoft.Network/networkInterfaces",
            "apiVersion": "2017-10-01",
            "location": "[parameters('moodleCommon').location]",
            "name": "[parameters('moodleCommon').elasticNicName3]",
            "properties": {
                "ipConfigurations": [
                    {
                        "name": "ipcfg-elastic3",
                        "properties": {
                            "privateIPAllocationMethod": "Static",
                            "privateIPAddress": "[parameters('moodleCommon').elasticVm3IP]",
                            "subnet": {
                                "id": "[parameters('subnetIdElastic')]"
                            }
                        }
                    }
                ],
                "enableAcceleratedNetworking": "[parameters('moodleCommon').enableAccelNwForOtherVmsSwitch]"
            },
            "tags": {
                "displayName": "Elastic NIC 2"
            }
        },
        {
            "type": "Microsoft.Compute/virtualMachines",
            "apiVersion": "2017-03-30",
            "dependsOn": [
                "[concat('Microsoft.Network/networkInterfaces/', parameters('moodleCommon').elasticNicName3)]"
            ],
            "location": "[parameters('moodleCommon').location]",
            "name": "[parameters('moodleCommon').elasticVmName3]",
            "properties": {
                "hardwareProfile": {
                    "vmSize": "[parameters('moodleCommon').elasticVmSku]"
                },
                "networkProfile": {
                    "networkInterfaces": [
                        {
                            "id": "[variables('nicRef3')]"
                        }
                    ]
                },
                "osProfile": {
                    "adminUsername": "[parameters('moodleCommon').sshUsername]",
                    "computerName": "[parameters('moodleCommon').elasticVmName3]",
                    "linuxConfiguration": {
                        "disablePasswordAuthentication": true,
                        "ssh": {
                            "publicKeys": [
                                {
                                    "path": "[concat('/home/', parameters('moodleCommon').sshUsername, '/.ssh/authorized_keys')]",
                                    "keyData": "[parameters('moodleCommon').sshPublicKey]"
                                }
                            ]
                        }
                    }
                },
                "storageProfile": {
                    "dataDisks": [],
                    "imageReference": "[parameters('moodleCommon').osType]",
                    "osDisk": {
                        "createOption": "FromImage",
                        "managedDisk": {
                            "storageAccountType": "[parameters('moodleCommon').osDiskStorageType]"
                        },
                        "name": "[parameters('moodleCommon').elasticVmName3]"
                    }
                }
            },
            "tags": {
                "displayName": "Elastic Search Virtual Machine"
            }
        },
        {
            "condition": "[parameters('moodleCommon').applyScriptsSwitch]",
            "type": "Microsoft.Resources/deployments",
            "apiVersion": "2017-05-10",
            "dependsOn": [
                "[concat('Microsoft.Compute/virtualMachines/', parameters('moodleCommon').elasticVmName3)]"
            ],
            "name": "[concat(parameters('moodleCommon').elasticVmName3,'-ScriptProcessor')]",
            "properties": {
                "mode": "Incremental",
                "parameters": {
                    "moodleCommon": {
                        "value": "[parameters('moodleCommon')]"
                    }

                },
                "templateLink": {
                    "uri": "[concat(parameters('moodleCommon').baseTemplateUrl,'search-elastic-config.json',parameters('moodleCommon').artifactsSasToken)]"
                }
            }
        },
        {
            "condition": "[parameters('moodleCommon').azureBackupSwitch]",
            "type": "Microsoft.Resources/deployments",
            "apiVersion": "2017-05-10",
            "dependsOn": [
                "[concat('Microsoft.Compute/virtualMachines/',parameters('moodleCommon').elasticVmName3)]"
            ],
            "name": "[concat(parameters('moodleCommon').elasticVmName3,'-Backup')]",
            "properties": {
                "mode": "Incremental",
                "parameters": {
                    "moodleCommon": {
                        "value": "[parameters('moodleCommon')]"
                    },
                    "vmName": {
                        "value": "[parameters('moodleCommon').elasticVmName3]"
                    }
                },
                "templateLink": {
                    "uri": "[concat(parameters('moodleCommon').baseTemplateUrl,'recoveryservicesEnlist.json',parameters('moodleCommon').artifactsSasToken)]"
                }
            }
        }
    ],
    "variables": {
        "documentation01": "This sub-template drives the elastic which is used as the access-point for other moodle VM's ",
        "documentation02": "It expects certain values in the 'common' datastructure.",
        "documentation03": "    vnetName               - name of the virtual network",
        "documentation04": "    subnetElastic          - name of subnet for elastic (and vm scale set)",
        "documentation06": "    elasticNicName1        - name of the eastlic vm 1 network interface",
        "documentation07": "    elasticNicName2        - name of the eastlic vm 2 network interface",
        "documentation08": "    elasticNicName3        - name of the eastlic vm 3 network interface",
        "documentation09": "    elasticVmName1         - name of the eastlic vm 1",
        "documentation10": "    elasticVmName2         - name of the eastlic vm 2",
        "documentation11": "    elasticVmName3         - name of the eastlic vm 3",
        "documentation12": "    elasticVm1IP           - IP of the eastlic vm 1",
        "documentation13": "    elasticVm2IP           - IP of the eastlic vm 2",
        "documentation14": "    elasticVm3IP           - IP of the eastlic vm 3",
        "documentation15": "This sub-template calls other sub-templates",
        "documentation16": "    elasticconfig          - conditionally applies post-deployment script on the VM",
        "documentation17": "    recoveryservicesEnlist - conditionally enlists the VM into the backup regimen",
        "nicRef1": "[resourceId('Microsoft.Network/networkInterfaces', parameters('moodleCommon').elasticNicName1)]",
        "nicRef2": "[resourceId('Microsoft.Network/networkInterfaces', parameters('moodleCommon').elasticNicName2)]",
        "nicRef3": "[resourceId('Microsoft.Network/networkInterfaces', parameters('moodleCommon').elasticNicName3)]"
    }
}
