{
    "$schema": "https://schema.management.azure.com/schemas/2019-04-01/deploymentTemplate.json#",
    "contentVersion": "1.0.0.0",
    "parameters": {
        "moodleCommon": {
            "metadata": {
                "description": "Common Moodle values"
            },
            "type": "object"
        }
    },
    "resources": [
        {
            "condition": "[not(equals(parameters('moodleCommon').fileServerType, 'azurefiles'))]",
            "type": "Microsoft.Storage/storageAccounts",
            "apiVersion": "2019-06-01",
            "location": "[parameters('moodleCommon').location]",
            "name": "[concat(parameters('moodleCommon').storageAccountName,'naf')]",
            "kind": "Storage",
            "sku": {
                "name": "[parameters('moodleCommon').storageAccountType]"
            },
            "properties": {
                "encryption": {
                    "keySource": "Microsoft.Storage",
                    "services": {
                        "blob": {
                            "enabled": true
                        },
                        "file": {
                            "enabled": true
                        }
                    }
                },
                "networkAcls": {
                    "bypass": "AzureServices",
                    "defaultAction": "Allow",
                    "ipRules": [],
                    "virtualNetworkRules": []
                },
                "supportsHttpsTrafficOnly": true
            }
        },
        {
            "condition": "[equals(parameters('moodleCommon').fileServerType, 'azurefiles')]",
            "type": "Microsoft.Storage/storageAccounts",
            "apiVersion": "2019-06-01",
            "location": "[parameters('moodleCommon').location]",
            "name": "[concat(parameters('moodleCommon').storageAccountName,'af')]",
            "kind": "[if(equals(parameters('moodleCommon').storageAccountType, 'Premium_LRS'), 'FileStorage', 'Storage')]",
            "sku": {
                "name": "[parameters('moodleCommon').storageAccountType]"
            },
            "properties": {
                "largeFileSharesState": "Enabled",
                "networkAcls": {
                    "bypass": "AzureServices",
                    "virtualNetworkRules": [],
                    "ipRules": [],
                    "defaultAction": "Allow"
                },
                "supportsHttpsTrafficOnly": true,
                "encryption": {
                    "services": {
                        "file": {
                            "keyType": "Account",
                            "enabled": true
                        },
                        "blob": {
                            "keyType": "Account",
                            "enabled": true
                        }
                    },
                    "keySource": "Microsoft.Storage"
                }
            }
        }
    ],
    "variables": {
        "documentation1": "This sub-template creates a storage account.  It expects certain values in the 'common' datastructure.",
        "documentation2": " storageAccountName - name of storage account",
        "documentation3": " storageAccountType - type of storage account",
        "storageName": "[concat(parameters('moodleCommon').storageAccountName,if(equals(parameters('moodleCommon').fileServerType, 'azurefiles'), 'af', 'naf'))]",
        "storageAccountId": "[resourceId('Microsoft.Storage/storageAccounts', variables('storageName'))]"
    },
    "outputs": {
        "storageAccountKey": {
            "value": "[listKeys(variables('storageAccountId'), '2019-06-01').keys[0].value]",
            "type": "string"
        },
        "storageAccountName": {
            "value": "[variables('storageName')]",
            "type": "string"
        }
    }
}
