{
    "$schema": "http://schema.management.azure.com/schemas/2015-01-01/deploymentTemplate.json#",
    "contentVersion": "1.0.0.0",
    "parameters": {
        "moodleCommon": {
            "metadata": {
                "description": "Common Moodle values"
            },
            "type": "object"
        }
    },
    "resources": [
        {
            "type": "Microsoft.Compute/virtualMachines/extensions",
            "apiVersion": "2017-03-30",
            "location": "[parameters('moodleCommon').location]",
            "name": "[concat(parameters('moodleCommon').tikaVmName,'/','install_tika')]",
            "properties": {
                "autoUpgradeMinorVersion": true,
                "publisher": "Microsoft.Azure.Extensions",
                "settings": {
                    "fileUris": [
                        "[variables('scriptUri')]"
                    ]
                },
                "protectedSettings":{
                    "commandToExecute": "[variables('cmdExec')]"
                },
                "type": "CustomScript",
                "typeHandlerVersion": "2.0"
            },
            "tags": {
                "displayName": "install_tika"
            }
        }
    ],
    "variables": {
        "cmdExec": "[concat('bash ', parameters('moodleCommon').tikaScriptFilename, ' ', parameters('moodleCommon').tikaVmIP)]",
        "documentation01": "This sub-template applies a specific post-deployment script to the tika vm",
        "documentation02": "It expects certain values in the 'common' datastructure.",
        "documentation03": "    scriptLocation              - web URI",
        "documentation04": "    tikaScriptFilename          - name of script file",
        "documentation05": "    tikaVmName                  - name of the tika search vm generic name",
        "scriptUri": "[concat(parameters('moodleCommon').scriptLocation,parameters('moodleCommon').tikaScriptFilename,parameters('moodleCommon').artifactsSasToken)]"
    }
}
